# Editorial starter expressions. CEFR tags are approximate, not official.
a presto	A1	phrase
a domani	A1	phrase
a dopo	A1	phrase
come stai?	A1	phrase
come va?	A1	phrase
sto bene	A1	phrase
non c'è male	A1	phrase
per favore	A1	phrase
grazie mille	A1	phrase
mi dispiace	A1	phrase
scusami	A1	phrase
non capisco	A1	phrase
non lo so	A1	phrase
va bene	A1	phrase
di niente	A1	phrase
buon appetito	A1	phrase
buon viaggio	A1	phrase
buona giornata	A1	phrase
buon fine settimana	A1	phrase
mi chiamo	A1	phrase
piacere di conoscerti	A1	phrase
quanti anni hai?	A1	phrase
dove abiti?	A1	phrase
che ore sono?	A1	phrase
quanto costa?	A1	phrase
dov'è il bagno?	A1	phrase
un momento	A1	phrase
ho fame	A1	phrase
ho sete	A1	phrase
ho sonno	A1	phrase
ho freddo	A1	phrase
ho caldo	A1	phrase
ho bisogno di aiuto	A1	phrase
non importa	A1	phrase
non c'è problema	A1	phrase
ci vediamo	A1	phrase
molto bene	A1	phrase
ogni giorno	A1	phrase
questa mattina	A1	phrase
l'anno prossimo	A1	phrase
la settimana scorsa	A1	phrase
perché no?	A1	phrase
in bocca al lupo	A2	idiom
crepi il lupo	A2	phrase
figurati	A2	phrase
fa lo stesso	A2	phrase
non fa niente	A2	phrase
da quanto tempo!	A2	phrase
che peccato!	A2	phrase
che fortuna!	A2	phrase
meno male	A2	phrase
secondo me	A2	phrase
a dire la verità	A2	phrase
per esempio	A2	phrase
in generale	A2	phrase
di solito	A2	phrase
ogni tanto	A2	phrase
di tanto in tanto	A2	phrase
prima o poi	A2	phrase
alla fine	A2	phrase
all'inizio	A2	phrase
per il momento	A2	phrase
da un lato	A2	phrase
dall'altro lato	A2	phrase
al contrario	A2	phrase
in questo caso	A2	phrase
allo stesso tempo	A2	phrase
nel frattempo	A2	phrase
in ritardo	A2	phrase
in anticipo	A2	phrase
di fretta	A2	phrase
con calma	A2	phrase
per caso	A2	phrase
per sbaglio	A2	phrase
in più	A2	phrase
in meno	A2	phrase
più o meno	A2	phrase
un po' alla volta	A2	phrase
fare una passeggiata	A2	phrase
fare la spesa	A2	phrase
fare colazione	A2	phrase
prendere un caffè	A2	phrase
prendere l'autobus	A2	phrase
avere ragione	A2	phrase
avere torto	A2	phrase
essere d'accordo	A2	phrase
non essere d'accordo	A2	phrase
tenere conto di	B1	phrase
rendersi conto di	B1	phrase
avere a che fare con	B1	phrase
fare a meno di	B1	phrase
venire a sapere	B1	phrase
mettersi d'accordo	B1	phrase
andare d'accordo	B1	phrase
prendere una decisione	B1	phrase
prendere in considerazione	B1	phrase
fare del proprio meglio	B1	phrase
fare attenzione	B1	phrase
dare una mano	B1	idiom
dare un'occhiata	B1	idiom
fare due chiacchiere	B1	idiom
fare quattro passi	B1	idiom
andare a gonfie vele	B1	idiom
avere le mani bucate	B1	idiom
avere la testa tra le nuvole	B1	idiom
avere un diavolo per capello	B1	idiom
avere la pelle d'oca	B1	idiom
avere l'acquolina in bocca	B1	idiom
avere il pollice verde	B1	idiom
avere il cuore in gola	B1	idiom
avere la luna storta	B1	idiom
essere al verde	B1	idiom
essere in gamba	B1	idiom
essere una frana	B1	idiom
essere sulla stessa barca	B1	idiom
essere alle prime armi	B1	idiom
essere fuori di testa	B1	idiom
essere in alto mare	B1	idiom
essere in un mare di guai	B1	idiom
mettere le mani avanti	B1	idiom
mettere il dito nella piaga	B1	idiom
mettersi nei panni di qualcuno	B1	idiom
perdere la testa	B1	idiom
perdere tempo	B1	phrase
tenere d'occhio	B1	idiom
tenere duro	B1	idiom
tirare avanti	B1	idiom
voltare pagina	B1	idiom
cambiare idea	B1	phrase
andare storto	B1	phrase
non vedere l'ora	B1	idiom
non valere la pena	B1	phrase
valere la pena	B1	phrase
in ogni caso	B1	phrase
in ogni modo	B1	phrase
in fin dei conti	B1	idiom
alla lettera	B1	phrase
da capo	B1	phrase
di punto in bianco	B1	idiom
a malapena	B1	phrase
di buon umore	B1	phrase
di cattivo umore	B1	phrase
in altre parole	B1	phrase
in poche parole	B1	phrase
in un batter d'occhio	B1	idiom
su due piedi	B1	idiom
tra l'altro	B1	phrase
per lo più	B1	phrase
nonostante tutto	B1	phrase
al più presto	B1	phrase
da parte mia	B1	phrase
con il senno di poi	B2	idiom
prendere due piccioni con una fava	B2	idiom
prendere lucciole per lanterne	B2	idiom
gettare la spugna	B2	idiom
rompere il ghiaccio	B2	idiom
fare orecchie da mercante	B2	idiom
fare di tutta l'erba un fascio	B2	idiom
fare il passo più lungo della gamba	B2	idiom
mettere il carro davanti ai buoi	B2	idiom
mettere i bastoni tra le ruote	B2	idiom
mettere una pulce nell'orecchio	B2	idiom
tirare le somme	B2	idiom
tirare acqua al proprio mulino	B2	idiom
tagliare la testa al toro	B2	idiom
cadere dalle nuvole	B2	idiom
cercare il pelo nell'uovo	B2	idiom
non avere peli sulla lingua	B2	idiom
avere la botte piena e la moglie ubriaca	B2	idiom
avere le spalle larghe	B2	idiom
avere la coscienza pulita	B2	idiom
avere il coltello dalla parte del manico	B2	idiom
essere tra l'incudine e il martello	B2	idiom
essere un libro aperto	B2	idiom
essere un pesce fuor d'acqua	B2	idiom
essere la goccia che fa traboccare il vaso	B2	idiom
non sapere che pesci pigliare	B2	idiom
non chiudere occhio	B2	idiom
non cavare un ragno dal buco	B2	idiom
andare con i piedi di piombo	B2	idiom
andare per le lunghe	B2	idiom
passare in secondo piano	B2	idiom
restare a bocca aperta	B2	idiom
restare con un pugno di mosche	B2	idiom
voltare le spalle	B2	idiom
uscire allo scoperto	B2	idiom
toccare ferro	B2	idiom
fare buon viso a cattivo gioco	B2	idiom
chiudere un occhio	B2	idiom
fare la figura del pollo	B2	idiom
andare a ruba	B2	idiom
andare sul sicuro	B2	idiom
essere sul punto di	B2	phrase
a prescindere da	B2	phrase
in linea di massima	B2	phrase
per quanto riguarda	B2	phrase
alla luce di	B2	phrase
in virtù di	B2	phrase
in base a	B2	phrase
nel caso in cui	B2	phrase
a patto che	B2	phrase
fermo restando che	B2	phrase
meglio tardi che mai	B1	proverb
chi dorme non piglia pesci	B1	proverb
chi va piano va sano e va lontano	B1	proverb
tra il dire e il fare c'è di mezzo il mare	B1	proverb
non tutto il male viene per nuocere	B1	proverb
chi cerca trova	B1	proverb
l'abito non fa il monaco	B2	proverb
il lupo perde il pelo ma non il vizio	B2	proverb
non è tutto oro quel che luccica	B2	proverb
a buon intenditor poche parole	B2	proverb
ride bene chi ride ultimo	B2	proverb
una rondine non fa primavera	B2	proverb
il gioco non vale la candela	B2	proverb
chi semina vento raccoglie tempesta	B2	proverb
acqua passata non macina più	B2	proverb
il tempo è galantuomo	B2	proverb
il mattino ha l'oro in bocca	B2	proverb
chi non risica non rosica	B2	proverb
ogni promessa è debito	B2	proverb
il troppo stroppia	B2	proverb
